Title,Description,Price,Quantity,SKU,Tags,Materials,Shop Section,Item Type,Who Made It,When Made,Customizable,Personalization Instructions,Primary Image,Secondary Images,Shipping Profile
"Custom Esports Jersey Personalized Gaming Shirt Gamertag Player Uniform Top AXA Pro League Axiom Allegiance Team Athletic Top","⚡ AXA PRO LEAGUE CUSTOM ESPORTS MATCH JERSEY — POWERED BY KrowN ⚡

Dominate the lobby in authentic competitive tournament gear. Designed by KrowN Supply Co. for Axiom Allegiance (AXA), this cut-and-sew pro jersey features high-voltage royal purple and electric neon lime geometry over deep obsidian black.

⭐ PERSONALIZATION DETAILS:
- Custom Gamertag / Player Name across upper back (up to 16 characters).
- Optional Squad / Player Number (0–99).
- Permanent dye-sublimation: Zero cracking, zero peeling, and zero faded vinyl.

🔥 SPECIFICATIONS:
- Authentic AXA Owl Team Crest with deliberate A-X-A eye/beak geometry.
- 100% Bird-Eye Athletic Micro-Poly (Moisture-wicking & antimicrobial).
- Tailored athletic raglan sleeve construction eliminating mouse-arm friction.
- Lower hem pro-league authenticity jock tag.

📏 SIZING (Unisex Pro Athletic Fit):
- Small: 38-40"" Chest / 28"" Length
- Medium: 40-42"" Chest / 29"" Length
- Large: 42-44"" Chest / 30"" Length
- XL: 46-48"" Chest / 31"" Length
- 2XL: 50-52"" Chest / 32"" Length

📦 PRODUCTION & SHIPPING:
- Made-to-order in 3–5 business days.
- Shipped via USPS Ground Advantage with full tracking provided upon dispatch.","64.99","999","AXA-JSY-CUST-HOME","custom esport jersey, custom gamer tag, gaming shirt jersey, custom gamer gift, streamer apparel, esports team uniform, sublimated jersey, athletic mesh shirt, custom gaming jersey, fps gamer gift, tournament gamer top, pro league gaming, axiom allegiance axa","100% Pro-Performance Bird-Eye Poly Mesh (180 GSM). Moisture-wicking, breathable, anti-odor micro-knit with reinforced flatlock contrast seams.","AXA / Axiom Allegiance","physical","someone_else","made_to_order","true","1. Enter your Custom Gamertag (up to 16 characters, auto-capitalized).
2. (Optional) Enter your Squad / Player Number (00 to 99).
3. Double check spelling before submission. Custom items enter production within 24 hours.","/images/products/axa-pro-jersey-home.jpg","/images/products/axiom-pro-esports-jersey-back.jpg | /images/products/axa-pro-jersey-away.jpg | /images/products/axa-pro-jersey-stealth.jpg","Standard US Free Shipping (3-5 Days)"
"Heavyweight French Terry Streetwear Hoodie 480 GSM Boxy Drop Shoulder Sweatshirt Mineral Wash Vintage Gold Crest KrowN Luxury","👑 KrowN SUPPLY CO. 480 GSM HEAVYWEIGHT FRENCH TERRY STREETWEAR HOODIE 👑
Slogan: ""WEAR THE KROWN.""

Engineered for purists who demand genuine luxury substance over fast fashion. Crafted from 480 GSM ultra-heavyweight combed French terry cotton in vintage washed charcoal black.

⭐ DESIGN HIGHLIGHTS:
- Signature Antique Gold Embroidered KrowN Crown on left chest.
- Double-layered crossover hood with no drawstrings for a modern architectural neckline.
- Exaggerated drop-shoulder silhouette with structured boxy torso drape.
- Heavyweight 2x2 ribbed cuffs and waistband built to hold structure.
- Pre-shrunk mineral wash finish offering broken-in softness from day one.

📏 SIZING GUIDE:
- Fit is intentionally boxy and relaxed.
- S: 44"" Chest / 27"" Length
- M: 46"" Chest / 28"" Length
- L: 48"" Chest / 29"" Length
- XL: 52"" Chest / 30"" Length
- 2XL: 56"" Chest / 31"" Length

📦 PRODUCTION & SHIPPING:
- Produced & finished in 2–4 business days.
- Shipped securely in heavy-duty weatherproof poly mailers.","88.00","999","KSC-HD-480-BLK","480 gsm hoodie, heavyweight hoodie, french terry hoodie, vintage washed black, luxury streetwear, boxy drop shoulder, aesthetic sweatshirt, gold crest hoodie, oversized hoodie, urban streetwear, krown supply co, minimalist hoodie, premium streetwear","480 GSM Ultra-Heavyweight 100% French Terry Combed Cotton. Mineral washed charcoal black with metallic antique gold precision embroidered KrowN crown.","KrowN Supply Co.","physical","someone_else","made_to_order","true","Standard luxury blank item. Select your size (S through 2XL). Fits true to modern oversized streetwear styling.","/images/products/krown-supply-premium-hoodie-front.jpg","/images/products/krown-boxy-heavy-hoodie-mineral-wash.jpg | /images/products/krown-supply-streetwear-set.jpg","Standard US Free Shipping (3-5 Days)"
"Richardson 112 Leather Patch Trucker Hat Custom Logo Snapback Work Cap Tradesman Jobsite Hardhat Gear KrowN Built to Reign","🔨 KrowN BUILT TO REIGN® RICHARDSON 112 LEATHER PATCH TRUCKER HAT 🔨
Slogan: ""BUILT TO REIGN.""

The definitive jobsite tradesman cap. Built exclusively on authentic Richardson 112 structured mid-profile blanks, crowned with our precision laser-engraved rustic leatherette patch with perimeter saddle stitching.

⭐ PRODUCT FEATURES:
- Genuine Richardson 112 Original Trucker Cap silhouette.
- Precision CO2 laser-etched rustic caramel leather patch.
- Pre-curved contrast stitched visor that retains its shape.
- Heavy-gauge breathable nylon mesh back for all-day comfort.
- Heavy-duty adjustable plastic snapback.

🧢 SPECIFICATIONS:
- Profile: Structured Mid-Profile 6-Panel
- Visor: Pre-curved with contrast stitching
- Sweatband: Standard cotton
- Size: Adjustable Snapback OSFA (7 – 7 3/4)

📦 PRODUCTION & SHIPPING:
- Carefully packed in heavy cardboard hat boxes to protect the crown structure.
- Ships in 2–4 business days with tracking.","36.99","999","KSC-HAT-112-BTR","richardson 112 hat, leather patch hat, custom logo snapback, trucker hat men, contractor work cap, jobsite trades gear, leatherette patch, construction gift, mens trucker cap, rustic leather patch, built to reign cap, krown construction, custom company hats","Authentic Richardson 112 Original Trucker (60% Cotton / 40% Poly Front, 100% Poly Mesh Back). Premium laser-engraved caramel leatherette patch with perimeter saddle stitching.","KrowN Construction LLC","physical","someone_else","made_to_order","true","Available with the KrowN ""Built to Reign"" hallmark crest, or request custom logo bulk program (minimum 6 units for custom business proofs).","/images/products/krown-r112-straight-front-hex-patch.jpg","/images/products/krown-r112-isometric-hex-patch.jpg | /images/products/krown-r112-custom-supply-sample.jpg","Standard US Free Shipping (3-5 Days)"